PALAVRA,TAG
xxxvi,n
congresso,n
da,nprop
sociedade,n
brasileira,n
de,prep
computação,n
1848,n
detecc¸ao,n
do,nprop
molhamento,n
foliar,n
,n
analise,n
de,prep
imagens,n
´,n
mauricio,n
a,n
z,n
karrei1,n
renato,n
w,n
dallagasperina1,n
thiago,n
benvegnu´,n
1,num
rafael,n
rieder1,n
carlos,n
a,n
holbig,n
¨,n
1,num
jose,n
maur,n
´,n
´icio,n
c,n
fernandes1,n
willingthon,n
pavan1,n
1instituto,n
de,prep
ciencias,n
exatas,n
e,kc
geoci,n
,n
encias,n
,n
universidade,n
de,prep
passo,n
fundo,n
upf,n
,n
99052900,n
,n
passo,n
fundo,n
,n
rs,n
,n
brasil,n
122962,n
71429,n
105615,n
rieder,n
holbig,n
jmauricio,n
pavanupfbr,n
resumo,n
este,n
trabalho,n
apresenta,v
a,art
implementac¸ao,n
de,prep
um,art
sistema,n
capaz,adj
,n
tectar,n
o,art
molhamento,n
foliar,n
por,n
meio,n
da,n
utilizac¸ao,n
de,prep
t,n
,n
ecnicas,n
de,prep
an,nprop
´,n
alise,n
e,kc
´,n
processamento,n
de,prep
imagens,n
digitais,adj
buscouse,n
identificar,v
e,kc
quantificar,v
o,art
molhamento,n
foliar,n
bem,adv
como,prep
o,art
tempo,n
durac¸ao,n
deste,n
al,n
,n
disso,adv
foi,vaux
constru,n
´,n
´ida,n
uma,art
rede,n
sensores,n
sem,prep
fio,n
capaz,adj
coletar,v
variaveis,n
de,prep
temperatura,n
umi,n
´,n
dade,n
relativa,adj
e,kc
precipitac¸ao,n
testes,n
preliminares,adj
comprovaram,n
a,art
viabilidade,n
e,kc
,n
a,art
eficiencia,n
do,nprop
sistema,nprop
destacando,v
o,art
uso,n
imagens,n
ndvi,n
para,prep
potencializar,v
o,art
,n
processo,n
de,prep
quantificac¸ao,n
isso,n
permitir,v
,n
a,art
a,art
correlac¸,n
´,n
ao,prep
de,prep
informac¸,n
,n
oes,n
visando,v
,n
a,art
obtenc¸ao,n
de,prep
resultados,n
com,prep
maior,adj
precis,n
,n
ao,prep
,n
1,num
introduc¸ao,n
a,n
produc¸ao,n
de,prep
alimentos,n
,n
e,kc
um,art
dos,nprop
grandes,adj
desafios,n
mundiais,adj
na,ks
atualidade,n
e,kc
a,art
agri,n
´,n
cultura,n
e,kc
pec¸a,n
chave,n
para,prep
a,art
superac¸,n
´,n
ao,prep
desses,v
desafios,n
desta,n
forma,n
,n
e,kc
fundamental,adj
´,n
importancia,n
a,art
implementac¸,n
,n
ao,prep
de,prep
novas,adj
tecnologias,n
e,kc
ferramentas,n
que,pro-ks-rel
otimizem,n
o,art
uso,n
,n
insumos,n
agr´icolas,n
e,kc
o,art
manejo,n
das,nprop
culturas,nprop
contribuindo,n
para,prep
a,art
reduc¸ao,n
dos,nprop
impactos,n
am,nprop
,n
bientais,n
aumento,n
da,n
produtividade,n
e,kc
consequentemente,adv
aumentando,v
a,art
lucratividade,n
do,ks
produtor,n
greenwade,n
1993,n
a,n
pratica,v
da,nprop
agricultura,nprop
automatizada,pcp
e,kc
baseada,pcp
em,prep
sensores,n
faz,v
parte,n
da,n
agri,n
´,n
cultura,n
de,prep
precisao,n
e,kc
est,n
,n
a,art
crescendo,v
a,art
cada,proadj
dia,n
´,n
seu,proadj
avanc¸o,n
passa,v
por,prep
quest,nprop
´,n
oes,n
,n
como,prep
custo,n
de,prep
implementac¸ao,n
resist,n
,n
encia,n
dos,nprop
equipamentos,n
ambientes,n
agressivos,adj
,n
manutenc¸ao,n
e,kc
fornecimento,n
de,prep
energia,n
aos,adv
dispositivos,n
eletr,n
,n
onicos,n
locais,n
dif,nprop
,n
´icil,n
acesso,n
rehman,n
et,nprop
al,nprop
2014,n
a,n
germinac¸ao,n
e,kc
a,art
esporulac¸,n
,n
ao,prep
de,prep
fungos,n
bem,adv
como,prep
a,art
infecc¸,n
,n
ao,prep
das,nprop
plantas,nprop
s,nprop
,n
ao,n
diretamente,adv
afetadas,pcp
fatores,n
como,prep
a,art
temperatura,n
e,kc
a,art
umidade,n
do,ks
ar,n
a,art
ac¸ao,n
do,nprop
vento,nprop
,n
e,kc
o,art
molhamento,n
foliar,n
dentre,n
estes,proadj
parametros,n
o,art
per,adj|est
,n
´iodo,n
do,nprop
molhamento,n
foliar,n
que,pro-ks-rel
1849,n
wcama,n
7º,adj
workshop,n
de,prep
computação,n
aplicada,n
à,nprop
gestão,n
do,nprop
meio,n
ambiente,n
e,kc
recursos,n
naturais,n
detecc¸ao,n
do,nprop
molhamento,n
foliar,n
,n
analise,n
de,prep
imagens,n
´,n
mauricio,n
a,n
z,n
karrei1,n
renato,n
w,n
dallagasperina1,n
thiago,n
benvegnu´,n
1,num
rafael,n
rieder1,n
carlos,n
a,n
holbig,n
¨,n
1,num
jose,n
maur,n
´,n
´icio,n
c,n
fernandes1,n
willingthon,n
pavan1,n
1instituto,n
de,prep
ciencias,n
exatas,n
e,kc
geoci,n
,n
encias,n
,n
universidade,n
de,prep
passo,n
fundo,n
upf,n
,n
99052900,n
,n
passo,n
fundo,n
,n
rs,n
,n
brasil,n
122962,n
71429,n
105615,n
rieder,n
holbig,n
jmauricio,n
pavanupfbr,n
abstract,n
this,n
paper,nprop
presents,n
the,nprop
implementation,n
of,nprop
a,art
leaf,n
wetness,n
detection,n
system,nprop
through,n
the,nprop
use,v
of,nprop
techniques,n
for,v
analysing,n
and,nprop
processing,n
of,nprop
digital,nprop
images,n
we,n
sought,n
to,nprop
identify,n
and,nprop
quantify,n
the,nprop
leaf,n
wetness,n
as,art
well,nprop
as,art
the,nprop
leaf,n
wetness,n
duration,n
moreover,n
a,art
wireless,n
sensor,n
network,nprop
was,nprop
built,n
to,nprop
collect,n
variables,n
as,art
temperature,n
relative,n
humidity,n
and,nprop
precipitation,n
preliminary,n
tests,n
demonstrated,n
the,nprop
viability,n
and,nprop
efficiency,n
of,nprop
the,nprop
system,nprop
highlighting,n
the,nprop
use,v
of,nprop
ndvi,n
images,n
to,nprop
enhance,n
the,nprop
quantification,n
process,n
this,n
will,nprop
allow,n
the,nprop
correlation,n
between,n
the,nprop
collected,nprop
data,nprop
in,nprop
order,nprop
to,nprop
obtain,n
results,nprop
with,nprop
higher,n
accuracy,n
resumo,n
este,n
trabalho,n
apresenta,v
a,art
implementac¸ao,n
de,prep
um,art
sistema,n
capaz,adj
,n
tectar,n
o,art
molhamento,n
foliar,n
por,n
meio,n
da,n
utilizac¸ao,n
de,prep
t,n
,n
ecnicas,n
de,prep
an,nprop
´,n
alise,n
e,kc
´,n
processamento,n
de,prep
imagens,n
digitais,adj
buscouse,n
identificar,v
e,kc
quantificar,v
o,art
molhamento,n
foliar,n
bem,adv
como,prep
o,art
tempo,n
durac¸ao,n
deste,n
al,n
,n
disso,adv
foi,vaux
constru,n
´,n
´ida,n
uma,art
rede,n
sensores,n
sem,prep
fio,n
capaz,adj
coletar,v
variaveis,n
de,prep
temperatura,n
umi,n
´,n
dade,n
relativa,adj
e,kc
precipitac¸ao,n
testes,n
preliminares,adj
comprovaram,n
a,art
viabilidade,n
e,kc
,n
a,art
eficiencia,n
do,nprop
sistema,nprop
destacando,v
o,art
uso,n
imagens,n
ndvi,n
para,prep
potencializar,v
o,art
,n
processo,n
de,prep
quantificac¸ao,n
isso,n
permitir,v
,n
a,art
a,art
correlac¸,n
´,n
ao,prep
de,prep
informac¸,n
,n
oes,n
visando,v
,n
a,art
obtenc¸ao,n
de,prep
resultados,n
com,prep
maior,adj
precis,n
,n
ao,prep
,n
1,num
introduc¸ao,n
a,n
produc¸ao,n
de,prep
alimentos,n
,n
e,kc
um,art
dos,nprop
grandes,adj
desafios,n
mundiais,adj
na,ks
atualidade,n
e,kc
a,art
agri,n
´,n
cultura,n
e,kc
pec¸a,n
chave,n
para,prep
a,art
superac¸,n
´,n
ao,prep
desses,v
desafios,n
desta,n
forma,n
,n
e,kc
fundamental,adj
´,n
importancia,n
a,art
implementac¸,n
,n
ao,prep
de,prep
novas,adj
tecnologias,n
e,kc
ferramentas,n
que,pro-ks-rel
otimizem,n
o,art
uso,n
,n
insumos,n
agr´icolas,n
e,kc
o,art
manejo,n
das,nprop
culturas,nprop
contribuindo,n
para,prep
a,art
reduc¸ao,n
dos,nprop
impactos,n
am,nprop
,n
bientais,n
aumento,n
da,n
produtividade,n
e,kc
consequentemente,adv
aumentando,v
a,art
lucratividade,n
do,ks
produtor,n
greenwade,n
1993,n
a,n
pratica,v
da,nprop
agricultura,nprop
automatizada,pcp
e,kc
baseada,pcp
em,prep
sensores,n
faz,v
parte,n
da,n
agri,n
´,n
cultura,n
de,prep
precisao,n
e,kc
est,n
,n
a,art
crescendo,v
a,art
cada,proadj
dia,n
´,n
seu,proadj
avanc¸o,n
passa,v
por,prep
quest,nprop
´,n
oes,n
,n
como,prep
custo,n
de,prep
implementac¸ao,n
resist,n
,n
encia,n
dos,nprop
equipamentos,n
ambientes,n
agressivos,adj
,n
manutenc¸ao,n
e,kc
fornecimento,n
de,prep
energia,n
aos,adv
dispositivos,n
eletr,n
,n
onicos,n
locais,n
dif,nprop
,n
´icil,n
acesso,n
rehman,n
et,nprop
al,nprop
2014,n
a,n
germinac¸ao,n
e,kc
a,art
esporulac¸,n
,n
ao,prep
de,prep
fungos,n
bem,adv
como,prep
a,art
infecc¸,n
,n
ao,prep
das,nprop
plantas,nprop
s,nprop
,n
ao,n
diretamente,adv
afetadas,pcp
fatores,n
como,prep
a,art
temperatura,n
e,kc
a,art
umidade,n
do,ks
ar,n
a,art
ac¸ao,n
do,nprop
vento,nprop
,n
e,kc
o,art
molhamento,n
foliar,n
dentre,n
estes,proadj
parametros,n
o,art
per,adj|est
,n
´iodo,n
do,nprop
molhamento,n
foliar,n
que,pro-ks-rel
pode,vaux
ser,vaux
causado,pcp
pela,nprop
chuva,nprop
neblina,n
irrigac¸ao,n
ou,kc
orvalho,n
sentelhas,n
et,nprop
al,nprop
2008,n
,n
e,kc
um,art
´,n
dos,nprop
que,pro-ks-rel
mais,adv
impactam,n
na,nprop
relac¸ao,n
entre,prep
o,art
fungo,n
e,kc
a,art
planta,n
tornando,v
esse,proadj
um,num
par,n
,n
ametro,n
,n
de,prep
grande,adj
importancia,n
modelos,n
simulac¸,n
,n
ao,prep
de,prep
doenc¸as,n
de,prep
plantas,n
existem,n
mui,adv
,n
tas,nprop
formas,n
se,propess
realizar,v
esta,proadj
detecc¸ao,n
,n
algumas,proadj
s,nprop
´,n
ao,prep
falhas,n
e,kc
outras,proadj
s,nprop
,n
ao,prep
caras,n
,n
alem,n
de,prep
existirem,v
lacunas,n
com,prep
relac¸,n
´,n
ao,prep
a,art
quantificac¸,n
,n
ao,prep
e,kc
normalizac¸,n
,n
ao,prep
dos,nprop
dados,n
coleta,n
,n
dos,nprop
rowlandson,n
et,nprop
al,nprop
2015,n
nos,n
ultimos,n
anos,n
foram,vaux
desenvolvidas,pcp
diversas,proadj
tecnologias,n
na,n
busca,v
pelo,pden
monito,n
´,n
ramento,n
da,nprop
durac¸ao,n
do,nprop
molhamento,n
foliar,n
dmf,n
nas,nprop
mais,adv
diferentes,adj
culturas,n
,n
apesar,n
dos,nprop
resultados,nprop
se,propess
mostrarem,n
positivos,adj
ainda,adv
ha,n
barreiras,n
a,prep
serem,vaux
superadas,pcp
para,prep
ampliar,v
´,n
a,art
utilizac¸ao,n
deste,n
artif,n
,n
´icio,n
partindo,n
do,nprop
princ´ipio,n
de,prep
que,ks
um,art
dos,nprop
metodos,n
mais,adv
utilizados,pcp
e,kc
´,n
confiaveis,n
para,prep
a,art
determinac¸,n
´,n
ao,prep
da,nprop
dmf,n
,n
e,kc
a,art
observac¸,n
´,n
ao,prep
humana,adj
,n
e,kc
poss,n
´,n
´ivel,n
considerar,v
que,ks
a,art
visao,n
computacional,adj
ser,vaux
um,art
m,nprop
,n
etodo,n
semelhante,adj
´,n
e,kc
uma,art
possibilidade,n
interessante,adj
´,n
a,art
ser,n
explorada,pcp
entre,n
os,art
diversos,proadj
dispositivos,n
existentes,adj
no,prep
mercado,n
e,kc
poss,n
´,n
´ivel,n
destacar,v
os,art
sensores,n
eletronicos,n
que,pro-ks-rel
s,nprop
,n
ao,prep
amplamente,adv
utilizados,pcp
estes,n
sensores,n
simulam,v
a,art
folha,nprop
e,kc
s,nprop
,n
ao,prep
ca,nprop
,n
pazes,n
de,prep
detectar,v
a,art
presenc¸a,n
de,prep
agua,nprop
sua,proadj
superf,n
´,n
´icie,n
podendo,vaux
ser,vaux
resistivos,n
inc,n
2010,n|ap
ou,kc
capacitivos,n
devices,n
2010,n|ap
a,n
implementac¸ao,n
de,prep
sensores,n
de,prep
umidade,n
e,kc
temperatura,n
,n
que,pro-ks-rel
possibilitam,v
estimar,v
o,art
molhamento,n
foliar,n
modelos,n
emp´iricos,n
tambem´,n
apresentase,n
como,prep
uma,art
das,nprop
formas,n
mais,adv
viaveis,n
para,prep
a,art
determinac¸,n
´,n
ao,prep
da,nprop
durac¸,n
,n
ao,prep
do,prep
mo,n
,n
lhamento,n
foliar,n
durigon,n
and,nprop
van,nprop
lier,n
2013,n
leandro,n
et,nprop
al,nprop
2003,n
estas,n
tecnologias,n
costumam,vaux
ser,vaux
suscet´iveis,n
a,art
variac¸oes,n
de,prep
acordo,prep
com,prep
o,art
tipo,n
,n
planta,n
analisado,pcp
e,kc
as,art
condic¸oes,n
clim,n
,n
aticas,n
do,nprop
local,nprop
que,pro-ks
est,n
´,n
ao,prep
instalados,pcp
os,n
sensores,n
,n
de,prep
molhamento,n
exigem,v
cuidados,n
como,prep
angulo,n
de,prep
instalac¸,n
,n
ao,prep
posicionamento,n
e,kc
diferenc¸a,n
,n
das,nprop
caracter´isticas,n
termodinamicas,n
entre,prep
as,art
superf,n
,n
´icies,n
do,nprop
sensor,n
e,kc
da,nprop
folha,nprop
enquanto,nprop
os,art
modelos,n
emp´iricos,n
necessitam,v
de,prep
calibrac¸ao,n
e,kc
ajustes,n
nos,propess
limiares,n
de,prep
par,n
,n
ametros,n
de,prep
inte,n
,n
resse,n
de,prep
acordo,prep
com,prep
as,art
caracter´isticas,n
do,nprop
local,nprop
de,nprop
analise,v
e,kc
a,art
esp,n
´,n
ecie,n
de,prep
planta,n
monitorada,pcp
´,n
rowlandson,n
2011,n
nos,n
ultimos,n
anos,n
foram,vaux
desenvolvidas,pcp
diversas,proadj
tecnologias,n
na,n
busca,v
pelo,pden
moni,n
´,n
toramento,n
do,nprop
molhamento,n
foliar,n
nas,nprop
mais,adv
diferentes,adj
culturas,n
sentelhas,n
2004,n
apesar,n
dos,nprop
resultados,nprop
se,propess
mostrarem,n
positivos,adj
ainda,adv
existem,v
barreiras,n
serem,vaux
superadas,pcp
para,prep
ampliar,v
a,art
utilizac¸ao,n
deste,n
artif,n
,n
´icio,n
partindo,n
do,nprop
princ´ipio,n
de,prep
que,ks
um,art
dos,nprop
metodos,n
mais,adv
´,n
utilizados,pcp
e,kc
confiaveis,n
para,prep
a,art
determinac¸,n
´,n
ao,prep
do,prep
molhamento,n
foliar,n
,n
e,kc
a,art
observac¸,n
´,n
ao,prep
humana,adj
,n
e,kc
poss,n
´,n
´ivel,n
considerar,v
que,ks
a,art
visao,n
computacional,adj
ser,vaux
um,art
m,nprop
,n
etodo,n
semelhante,adj
´,n
e,kc
uma,art
´,n
possibilidade,n
que,pro-ks-rel
deve,vaux
ser,vaux
explorada,pcp
devido,n
aos,adv
constantes,adj
avanc¸os,n
tecnologicos,n
a,art
captura,n
e,kc
processamento,n
remoto,adj
´,n
de,prep
imagens,n
esta,proadj
se,propess
tornando,v
cada,proadj
vez,n
mais,adv
acess,n
´,n
´ivel,n
o,n
processamento,n
de,prep
imagens,n
apresenta,v
vantagens,n
relac¸ao,n
ao,prep
uso,n
de,prep
sensores,n
convencionais,adj
como,prep
por,pden
exemplo,pden
o,art
ar,n
,n
mazenamento,n
das,nprop
imagens,n
capturadas,pcp
para,prep
posterior,adj
analise,v
e,kc
validac¸,n
´,n
ao,prep
dos,nprop
resultados,nprop
,n
aumentando,v
a,art
confiabilidade,n
nos,propess
dados,n
gerados,pcp
assim,n
das,nprop
informac¸oes,n
expostas,pcp
,n
e,kc
plaus,n
´,n
´ivel,n
considerar,v
que,ks
o,art
desenvolvimento,n
um,art
sistema,n
capaz,adj
coletar,v
imagens,n
e,kc
variaveis,n
ambientais,adj
utilizando,v
o,art
´,n
processamento,n
destas,n
imagens,n
e,kc
informac¸oes,n
para,prep
determinar,v
a,art
presenc¸a,n
de,prep
molhamento,n
,n
foliar,n
oferece,v
diversos,proadj
benef´icios,n
a,art
profissionais,n
da,n
area,n
agr,n
´,n
´icola,n
com,n
isso,prosub
o,art
objetivo,n
deste,n
trabalho,n
e,kc
apresentar,v
o,art
desenvolvimento,n
um,art
sensor,n
capaz,adj
detectar,v
o,art
molha,v
´,n
xxxvi,n
congresso,n
da,nprop
sociedade,n
brasileira,n
de,prep
computação,n
1850,n
mento,n
foliar,n
analise,v
de,prep
imagens,n
al,nprop
´,n
uma,art
rede,n
sensores,n
sem,prep
fio,n
de,prep
´,n
baixo,adj
custo,n
com,prep
o,art
intuito,n
auxiliar,v
manejo,n
doenc¸as,n
de,prep
plantas,n
2,n
material,n
e,kc
metodos,n
´,n
nesta,n
sessao,n
s,nprop
,n
ao,prep
abordados,pcp
os,art
conceitos,n
fundamentais,adj
para,prep
a,art
plena,adj
compreens,n
,n
ao,prep
do,prep
pro,nprop
,n
jeto,n
sao,n
apresentadas,pcp
as,art
ferramentas,n
hardware,n|est
utilizadas,pcp
bem,adv
como,prep
as,art
bibliotecas,n
,n
software,n|est
que,pro-ks-rel
compuseram,n
o,art
desenvolvimento,n
da,n
soluc¸ao,n
,n
21,num
estrutura,n
geral,n
do,nprop
sistema,n
como,n
pec¸a,n
principal,adj
para,prep
a,art
realizac¸ao,n
deste,n
trabalho,n
foi,vaux
utilizado,pcp
placa,n
desenvolvi,v
,n
mento,n
intel,n
galileo,n
gen2,n
figura,n
1a,n
esta,n
placa,n
e,kc
respons,n
´,n
avel,n
realizar,v
as,art
tarefas,n
´,n
de,prep
coleta,n
e,kc
processamento,n
de,prep
imagens,n
bem,adv
como,prep
a,art
aquisic¸ao,n
dos,nprop
dados,nprop
provenientes,adj
da,nprop
,n
rede,n
de,prep
sensores,n
sem,n
fio,n
sec¸ao,n
24,num
,n
para,n
a,art
captura,n
das,nprop
imagens,n
utilizadas,pcp
na,adv
identificac¸ao,n
do,nprop
molhamento,n
foliar,n
,n
e´,n
utilizada,pcp
uma,art
camera,n
com,prep
comunicac¸,n
,n
ao,prep
usb,n
figura,n
1d,n
escolhida,pcp
sua,proadj
compatibi,n
,n
lidade,n
com,prep
a,art
placa,n
galileo,n
figura,n
1,num
diagrama,n
blocos,n
do,ks
sistema,n
proposto,pcp
22,num
captura,n
de,prep
imagens,n
para,n
a,art
realizac¸ao,n
da,nprop
coleta,n
das,nprop
imagens,n
a,prep
c,n
,n
amera,n
usb,n
conectada,pcp
,n
a,art
galileo,n
`,`
e,kc
ativada,n
´,n
sempre,adv
que,ks
os,art
dados,n
coletados,pcp
pela,nprop
rede,n
sensores,n
sec¸ao,n
24,num
indicam,v
a,art
probabilidade,n
,n
de,prep
existencia,n
do,nprop
molhamento,n
foliar,n
,n
1851,n
wcama,n
7º,adj
workshop,n
de,prep
computação,n
aplicada,n
à,nprop
gestão,n
do,nprop
meio,n
ambiente,n
e,kc
recursos,n
naturais,n
o,n
ambiente,n
onde,adv-ks-rel
as,art
imagens,n
sao,n
capturadas,pcp
influ,n
,n
encia,n
diretamente,adv
resul,n
,n
tado,n
do,nprop
processamento,nprop
digital,nprop
destas,n
muitas,n
sao,n
as,art
vari,n
,n
aveis,n
presentes,adj
ambiente,n
´,n
com,prep
potencial,n
de,prep
interferencia,n
sobre,prep
o,art
processo,n
algumas,proadj
das,nprop
quais,pro-ks-rel
podem,vaux
ser,vaux
citadas,pcp
,n
iluminac¸ao,n
reflexo,n
cores,n
de,prep
fundo,n
presenc¸a,n
de,prep
movimento,n
,n
angulo,n
da,nprop
captura,n
da,n
ima,n
,n
gem,n
entre,prep
outros,proadj
para,n
testes,n
e,kc
validac¸ao,n
inicial,adj
do,ks
sistema,n
foi,v
desenvolvido,pcp
um,art
ambiente,n
,n
controlado,pcp
para,prep
minimizar,v
a,art
influencia,v
de,prep
algumas,proadj
destas,n
vari,n
,n
aveis,n
na,n
figura,n
2,n
´,n
e,kc
exibido,pcp
´,n
o,art
ambiente,n
controlado,pcp
constru´ido,n
figura,n
2,n
ambiente,n
controlado,pcp
constru´ido,n
para,prep
captura,n
de,prep
imagens,n
23,num
superf´icie,n
alternativa,n
o,n
ambiente,n
natural,adj
possui,v
grande,adj
influencia,v
sobre,prep
o,art
resultado,n
do,ks
processamento,n
das,nprop
ima,n
,n
gens,n
dessa,n
forma,n
para,prep
eliminar,v
o,art
ru´ido,n
causado,pcp
pelo,pden
movimento,n
da,n
folha,nprop
e,kc
pelos,nprop
ru´idos,n
de,prep
fundo,n
da,n
imagem,nprop
buscouse,n
uma,art
superf´icie,n
alternativa,n
folha,nprop
da,nprop
planta,n
esta,n
su,nprop
`,`
perf´icie,n
deveria,vaux
ser,vaux
fixa,pcp
ser,vaux
capaz,adj
acumular,v
agua,nprop
e,kc
ser,v
suficientemente,adv
robusta,n
para,prep
´,n
suportar,v
condic¸oes,n
adversas,n
neste,n
projeto,n
utilizouse,n
como,prep
superf,n
,n
´icie,n
alternativa,n
um,art
fragmento,n
vidro,n
jateado,n
onde,adv-ks-rel
sua,proadj
opacidade,n
com,prep
superf´icie,n
seca,n
permite,v
uma,art
leitura,n
mais,adv
proxima,nprop
da,nprop
cor,nprop
branca,nprop
e,kc
instante,n
que,pro-ks-rel
a,art
superf,n
´,n
´icie,n
possui,v
acumulo,n
de,prep
´,n
agua,nprop
o,art
´,n
vidro,n
jateado,n
apresenta,v
maior,adj
transparencia,n
,n
dessa,n
forma,n
utilizouse,n
um,art
material,n
cor,n
preta,adj
colocado,n
sob,prep
o,art
vidro,n
jateado,n
assim,n
no,kc
momento,n
que,pro-ks-rel
ocorrer,v
a,art
presenc¸a,n
de,prep
agua,nprop
livre,nprop
sobre,prep
a,art
superf,n
´,n
´icie,n
do,nprop
vidro,nprop
jateado,n
tornara,v
vis,n
´,n
´ivel,n
o,art
material,n
posicionado,pcp
sob,prep
o,art
vidro,n
caso,n
a,art
superf´icie,n
do,nprop
vidro,nprop
nao,adv
contenha,v
,n
agua,nprop
a,art
cor,n
preta,adj
n,n
´,n
ao,prep
ter,vaux
,n
a,art
tanto,kc|[
destaque,n
e,kc
consequentemente,adv
n,n
´,n
ao,prep
ser,vaux
,n
a,art
iden,n
´,n
tificada,n
durante,prep
o,art
processamento,n
da,n
imagem,nprop
na,n
figura,n
3,num
e,kc
apresentado,pcp
um,art
fragmento,n
´,n
do,nprop
vidro,nprop
utilizado,pcp
notase,n
que,pro-ks-rel
ha,n
um,art
maior,adj
destaque,n
da,n
cor,n
preta,adj
apenas,pden
na,nprop
regi,n
´,n
ao,prep
com,prep
,n
concentrac¸ao,n
de,prep
,n
agua,nprop
´,n
24,num
rede,n
de,prep
sensores,n
sem,prep
fio,n
todos,n
os,art
nodos,n
da,nprop
rede,n
sensores,n
sem,prep
fio,n
possuem,v
hardware,n|est
identico,n
diferenciando,n
,n
se,propess
apenas,pden
pela,nprop
func¸ao,n
exercida,pcp
e,kc
pelo,pden
firmware,n
embarcado,pcp
o,n
nodo,n
coordenador,n
fi,n
,n
gura,n
1b,n
e,kc
respons,n
´,n
avel,n
pelo,pden
recebimento,n
dos,nprop
dados,nprop
coletados,pcp
pelos,nprop
demais,nprop
nodos,n
da,nprop
´,n
xxxvi,n
congresso,n
da,nprop
sociedade,n
brasileira,n
de,prep
computação,n
1852,n
figura,n
3,num
superf´icie,n
do,nprop
vidro,nprop
jateado,n
ressaltando,v
a,art
area,n
molhada,pcp
´,n
rede,n
figura,n
1b,n
e,kc
transmissao,n
destes,n
dados,n
para,prep
a,art
galileo,n
cada,n
nodo,n
da,nprop
rede,n
possu,n
,n
´i,n
sensores,n
de,prep
temperatura,n
e,kc
umidade,n
relativa,adj
do,ks
ar,n
para,n
a,art
coleta,n
dados,n
e,kc
tambem,pden
para,prep
aumentar,v
a,art
´,n
area,n
de,prep
abrang,n
´,n
encia,n
do,nprop
sistema,nprop
,n
foi,vaux
desenvolvida,pcp
uma,art
rede,n
sensores,n
sem,prep
fio,n
todos,n
os,art
nodos,n
sao,n
alimentados,pcp
,n
baterias,n
e,kc
celulas,n
fotovoltaicas,n
garantindo,v
sua,proadj
autonomia,n
energ,n
´,n
etica,n
a,n
rede,n
utiliza,v
a,art
to,nprop
´,n
pologia,n
estrela,n
sendo,vaux
o,art
nodo,n
coordenador,n
instalado,pcp
a,art
galileo,n
o,n
nodo,n
coordenador,n
possui,v
alem,n
do,nprop
sensor,n
temperatura,n
e,kc
umidade,n
relativa,adj
do,ks
ar,n
um,art
sensor,n
precipitac¸,n
´,n
ao,prep
,n
25,num
plataforma,n
de,prep
recebimento,n
de,prep
dados,n
weather,n
underground,n
ou,kc
wunderground,n
e,kc
um,art
concentrador,n
e,kc
fornecedor,n
de,prep
dados,n
mete,v
´,n
orologicos,n
formado,pcp
principalmente,adv
estac¸,n
´,n
oes,n
meteorol,n
,n
ogicas,n
particulares,adj
qualquer,n
´,n
pessoa,n
ou,kc
instituic¸ao,n
pode,vaux
enviar,v
os,art
dados,n
coletados,pcp
real,n
para,prep
o,art
wunder,n
,n
ground,n
segundo,n
informac¸oes,n
do,nprop
pr,nprop
,n
oprio,n
servic¸o,n
atualmente,adv
somente,pden
nos,propess
estados,n
uni,n
´,n
dos,nprop
existem,v
mais,adv
de,prep
cem,num
mil,num
estac¸oes,n
enviando,v
informac¸,n
,n
oes,n
sendo,vaux
mais,adv
de,prep
oitenta,num
mil,num
,n
particulares,adj
hobbystasou,n
entusiastas,nprop
da,nprop
area,nprop
´,n
assim,n
uma,art
alternativa,n
para,prep
disponibilizar,n
as,art
informac¸oes,n
coletadas,pcp
este,proadj
pro,nprop
,n
jeto,n
ao,prep
publico,n
foi,vaux
a,prep
utilizac¸,n
´,n
ao,prep
dos,nprop
servic¸os,n
oferecidos,pcp
pelo,pden
wunderground,n
,n
e,n
utilizado,pcp
um,art
m,nprop
´,n
odulo,n
gprs,n
figura,n
1g,n
para,prep
o,art
envio,n
dos,nprop
dados,nprop
coletados,pcp
´,n
a,art
uma,prosub
`,`
plataforma,n
responsavel,n
pelo,pden
armazenamento,n
processamento,n
e,kc
tratamento,n
destes,n
dados,n
´,n
tambem,adv
pode,vaux
ser,vaux
utilizado,pcp
para,prep
enviar,v
alertas,adj
via,n
sms,n
a,n
plataforma,n
usada,pcp
para,prep
rece,n
´,n
ber,n
e,kc
disponibilizar,n
os,art
dados,n
coletados,pcp
ao,adv
publico,n
e,kc
a,art
weather,n
underground,n
und,nprop
2015,n
´,n
figura,n
1h,n|hor
e,n
ainda,adv
todos,proadj
os,art
dados,n
e,kc
imagens,n
coletados,pcp
sao,n
armazenados,pcp
um,art
sd,n
,n
card,n
figura,n
1f,n
ficando,v
dispon´iveis,n
para,prep
acesso,n
quando,ks
necessario,n
a,n
figura,n
1,num
mostra,v
´,n
o,art
diagrama,n
completo,adj
do,ks
sistema,n
desenvolvido,pcp
1853,n
wcama,n
7º,adj
workshop,n
de,prep
computação,n
aplicada,n
à,nprop
gestão,n
do,nprop
meio,n
ambiente,n
e,kc
recursos,n
naturais,n
26,num
opencv,n
o,n
processo,n
de,prep
identificac¸ao,n
do,nprop
molhamento,n
foliar,n
deuse,n
da,nprop
captura,n
e,kc
proces,n
,n
samento,n
de,prep
imagens,n
utilizandose,n
de,prep
uma,art
camera,n
usb,n
conectada,pcp
,n
a,art
plataforma,n
galileo,n
`,`
no,n
que,pro-ks-rel
se,propess
refere,v
ao,prep
metodo,n
de,prep
an,nprop
´,n
alise,n
e,kc
identificac¸,n
´,n
ao,prep
da,nprop
presenc¸a,n
de,prep
,n
agua,nprop
na,nprop
estrutura,nprop
´,n
montada,pcp
vidro,n
jateado,n
foram,vaux
realizados,pcp
testes,n
utilizando,v
a,art
biblioteca,n
opencv,n
open,n
source,n
computer,n
vision,n
library,n
opencv,n
e,kc
uma,art
biblioteca,n
c,n|ap
´,n
odigo,n
fonte,n
´,n
aberto,pcp
que,ks
possui,v
um,art
conjunto,n
func¸oes,n
e,kc
recursos,n
possibilitando,v
a,art
construc¸,n
,n
ao,prep
de,prep
,n
softwares,n|est
visao,n
computacional,adj
nesta,n
biblioteca,n
est,n
,n
ao,prep
inclu,n
,n
´idos,n
um,art
conjunto,n
algoritmos,n
otimizados,pcp
que,ks
podem,vaux
ser,vaux
utilizados,pcp
aplicac¸oes,n
de,prep
detecc¸,n
,n
ao,prep
e,kc
reconhecimento,n
,n
de,prep
facesobjetos,n
e,kc
manipulac¸ao,n
de,prep
imagens,n
tanto,kc|[
2d,n
como,prep
3d,n
cunha,n
2013,n
,n
o,n
software,n|est
foi,v
implementado,pcp
a,art
linguagem,n
programac¸ao,n
python,n
e,kc
o,art
seu,proadj
modulo,n
cv2,n
o,art
qual,pro-ks-rel
´,n
e,kc
carregado,pcp
com,prep
a,art
utilizac¸,n
´,n
ao,prep
do,prep
pacote,n
pythonopencv,n
do,n
,n
modulo,n
cv2,n
foram,vaux
utilizadas,pcp
as,art
func¸,n
´,n
oes,n
,n
videocapture,n
e,kc
inrange,n
para,prep
a,art
manipulac¸ao,n
das,nprop
imagens,n
a,n
primeira,adj
consiste,v
em,prep
uma,art
func¸ao,n
respons,n
,n
avel,n
realizar,v
o,art
interfacea,n
´,n
mento,n
do,nprop
software,nprop
desenvolvido,pcp
com,prep
a,art
camera,n
conectada,pcp
,n
a,art
galileo,n
oferecendo,v
recursos,n
`,`
para,prep
a,art
captura,n
da,n
imagem,nprop
da,nprop
camera,n
j,n
,n
a,art
na,nprop
func¸,n
´,n
ao,n
inrange,n
estao,n
dispon,n
,n
´iveis,n
os,art
recursos,n
necessarios,n
para,prep
analisar,v
as,art
imagens,n
capturadas,pcp
´,n
27,num
armazenamento,n
dos,nprop
dados,n
coletados,n
as,n
informac¸oes,n
provindas,n
dos,nprop
sensores,n
umidade,n
relativa,adj
do,ks
ar,n
temperatura,n
,n
precipitac¸ao,n
molhamento,n
foliar,n
resultado,n
do,ks
processamento,n
da,n
imagem,nprop
e,kc
hor,n
,n
ario,n
da,nprop
´,n
coleta,n
sao,n
transmitidas,pcp
ao,prep
concentrador,n
e,kc
este,prosub
sua,proadj
vez,n
envia,v
os,art
dados,n
para,prep
a,art
web,n
,n
uma,art
conexao,n
gprs3g,n
ou,kc
uma,art
conex,n
,n
ao,prep
ethernet,nprop
,n
as,n
imagens,n
capturadas,pcp
pelo,pden
sistema,n
alem,n
de,prep
serem,vaux
processadas,pcp
e,kc
analisadas,pcp
´,n
tambem,adv
s,nprop
´,n
ao,prep
armazenadas,pcp
um,art
cart,nprop
,n
ao,prep
sd,n
juntamente,adv
com,prep
os,art
dados,n
capturados,pcp
pelos,nprop
,n
sensores,n
assim,adv
como,prep
informac¸oes,n
do,nprop
hor,n
,n
ario,n
da,nprop
coleta,n
desta,n
forma,n
quando,ks
necess,n
´,n
ario,n
´,n
o,art
usuario,n
pode,vaux
acessar,v
todas,proadj
as,art
informac¸,n
´,n
oes,n
diretamente,adv
do,ks
cart,nprop
,n
ao,prep
sd,n
,n
3,num
resultados,n
31,num
rede,n
de,prep
sensores,n
sem,prep
fio,n
os,n
prototipos,n
dos,nprop
nodos,n
da,nprop
rede,n
foram,vaux
projetados,pcp
e,kc
montados,pcp
visando,v
baixo,adj
custo,n
e,kc
´,n
baixo,adj
consumo,n
todos,n
os,art
nodos,n
possuem,v
hardware,n|est
identico,n
diferenciandose,n
apenas,pden
,n
pelo,pden
firmware,n
embarcado,pcp
para,n
minimizar,v
o,art
consumo,n
energia,n
o,art
sistema,n
opera,v
de,prep
forma,n
que,pro-ks-rel
o,art
nodo,n
coordenador,n
se,propess
mantem,n
modo,n
recepc¸,n
´,n
ao,prep
constantemente,adv
en,nprop
,n
os,art
demais,proadj
nodos,n
operam,v
modo,n
sleep,n
despertando,v
apenas,pden
para,prep
a,art
coleta,n
e,kc
envio,n
de,prep
dados,n
o,n
sensor,n
de,prep
temperatura,n
e,kc
umidade,n
relativa,adj
do,ks
ar,n
precisou,v
ser,v
acomodado,pcp
uma,art
estrutura,n
especial,adj
onde,adv-ks-rel
nao,adv
ficasse,v
exposto,pcp
diretamente,adv
luz,n
solar,adj
evitando,v
que,ks
,n
esta,proadj
altere,v
o,art
valor,n
lido,pcp
pelo,pden
sensor,n
na,n
figura,n
4,num
e,kc
apresentado,pcp
o,art
prot,n
´,n
otipo,n
de,prep
um,art
nodo,n
da,nprop
´,n
rede,n
com,prep
toda,proadj
a,art
estrutura,n
necessaria,n
´,n
xxxvi,n
congresso,n
da,nprop
sociedade,n
brasileira,n
de,prep
computação,n
1854,n
figura,n
4,num
nodo,n
da,nprop
rede,n
contendo,v
todos,proadj
os,art
componentes,n
utilizados,pcp
32,num
interpretac¸ao,n
de,prep
imagens,n
,n
321,n
detecc¸ao,n
de,prep
bordas,n
,n
inicialmente,n
realizaramse,n
testes,n
utilizando,v
tecnicas,n
de,prep
processamento,n
de,prep
imagens,n
para,prep
´,n
detecc¸ao,n
de,prep
bordas,n
utilizando,v
o,art
m,nprop
,n
etodo,n
´,n
canny,n
edge,n
detector,n
da,nprop
biblioteca,n
opencv,n
o,n
objetivo,n
deste,n
processo,n
foi,vaux
capturar,v
a,art
formac¸ao,n
de,prep
,n
agua,nprop
nas,nprop
folhagens,n
plantas,n
´,n
da,nprop
identificac¸ao,n
do,nprop
formato,n
sua,proadj
borda,n
na,n
superf,n
,n
´icie,n
da,nprop
folha,nprop
o,n
uso,n
desta,adv
tecnica,n
foi,vaux
descartada,pcp
para,prep
utilizac¸,n
´,n
ao,prep
neste,n
projeto,n
visto,pcp
que,pro-ks-rel
n,pro-ks-rel
,n
ao,n
apresentou,v
bons,adj
resultados,n
para,prep
a,art
detecc¸ao,n
da,nprop
borda,n
da,n
gota,n
d,n
,n
agua,nprop
na,nprop
superf,n
´,n
´icie,n
da,nprop
folha,nprop
devido,n
a,art
aspectos,n
naturais,adj
do,ks
formato,n
das,nprop
folhas,n
das,nprop
plantas,nprop
e,kc
tambem,pden
ao,prep
n,prep
´,n
´ivel,n
de,prep
transparencia,n
da,nprop
,n
agua,nprop
notase,n
que,pro-ks-rel
ap,nprop
´,n
os,art
a,art
aplicac¸,n
´,n
ao,prep
dos,nprop
filtros,n
detecc¸,n
,n
ao,prep
de,prep
borda,n
,n
o,art
n´ivel,n
de,prep
falsa,adj
detecc¸ao,n
obteve,v
grande,adj
proporc¸,n
,n
ao,prep
a,n
figura,n
5,num
apresenta,v
o,art
resultado,n
da,n
,n
aplicac¸ao,n
da,nprop
t,nprop
,n
ecnica,n
de,prep
detecc¸,n
´,n
ao,prep
de,prep
borda,n
,n
figura,n
5,num
identificac¸ao,n
de,prep
formac¸,n
,n
ao,prep
de,prep
got´iculas,n
d,n
,n
agua,nprop
utilizando,v
t,n
´,n
ecnicas,n
de,prep
´,n
detecc¸ao,n
de,prep
bordas,n
,n
322,n
detecc¸ao,n
de,prep
intervalos,n
de,prep
cores,n
,n
em,n
razao,n
da,nprop
dificuldade,n
realizar,v
a,art
detecc¸,n
,n
ao,prep
de,prep
,n
agua,nprop
por,prep
meio,n
da,n
t,n
´,n
ecnica,n
de,prep
detecc¸,n
´,n
ao,prep
de,prep
,n
bordas,n
optouse,n
utilizar,v
a,art
tecnica,n
de,prep
filtragem,n
de,prep
cores,n
para,n
isso,prosub
a,prep
partir,prep
da,nprop
obtenc¸,n
´,n
ao,n
da,nprop
imagem,nprop
da,nprop
camera,n
usb,n
no,kc
formato,n
rgb,n
esta,proadj
,n
e,kc
convertida,pcp
para,prep
o,art
formato,n
hsv,n
com,prep
o,art
´,n
aux´ilio,n
da,nprop
func¸ao,n
da,nprop
biblioteca,n
opencv,n
,n
cvtcolor,n
esta,n
conversao,n
permite,v
que,ks
os,art
frames,n|est
,n
coletados,pcp
sejam,vaux
aplicados,pcp
na,adv
func¸ao,n
inrange,n
a,art
qual,pro-ks-rel
recebe,v
como,prep
parametro,n
tr,nprop
,n
es,nprop
valores,nprop
,n
1,num
frame,nprop
coletado,pcp
imagem,n
formato,n
hsv,n
e,kc
realiza,v
o,art
thresholding,n
na,nprop
imagem,nprop
2,nprop
array,nprop
com,prep
o,art
intervalo,n
baixo,adj
cores,n
menor,adj
tonalidade,n
da,n
cor,n
preta,adj
serem,vaux
filtradas,n
1855,n
wcama,n
7º,adj
workshop,n
de,prep
computação,n
aplicada,n
à,nprop
gestão,n
do,nprop
meio,n
ambiente,n
e,kc
recursos,n
naturais,n
figura,n
4,num
nodo,n
da,nprop
rede,n
contendo,v
todos,proadj
os,art
componentes,n
utilizados,pcp
32,num
interpretac¸ao,n
de,prep
imagens,n
,n
321,n
detecc¸ao,n
de,prep
bordas,n
,n
inicialmente,n
realizaramse,n
testes,n
utilizando,v
tecnicas,n
de,prep
processamento,n
de,prep
imagens,n
para,prep
´,n
detecc¸ao,n
de,prep
bordas,n
utilizando,v
o,art
m,nprop
,n
etodo,n
´,n
canny,n
edge,n
detector,n
da,nprop
biblioteca,n
opencv,n
o,n
objetivo,n
deste,n
processo,n
foi,vaux
capturar,v
a,art
formac¸ao,n
de,prep
,n
agua,nprop
nas,nprop
folhagens,n
plantas,n
´,n
da,nprop
identificac¸ao,n
do,nprop
formato,n
sua,proadj
borda,n
na,n
superf,n
,n
´icie,n
da,nprop
folha,nprop
o,n
uso,n
desta,adv
tecnica,n
foi,vaux
descartada,pcp
para,prep
utilizac¸,n
´,n
ao,prep
neste,n
projeto,n
visto,pcp
que,pro-ks-rel
n,pro-ks-rel
,n
ao,n
apresentou,v
bons,adj
resultados,n
para,prep
a,art
detecc¸ao,n
da,nprop
borda,n
da,n
gota,n
d,n
,n
agua,nprop
na,nprop
superf,n
´,n
´icie,n
da,nprop
folha,nprop
devido,n
a,art
aspectos,n
naturais,adj
do,ks
formato,n
das,nprop
folhas,n
das,nprop
plantas,nprop
e,kc
tambem,pden
ao,prep
n,prep
´,n
´ivel,n
de,prep
transparencia,n
da,nprop
,n
agua,nprop
notase,n
que,pro-ks-rel
ap,nprop
´,n
os,art
a,art
aplicac¸,n
´,n
ao,prep
dos,nprop
filtros,n
detecc¸,n
,n
ao,prep
de,prep
borda,n
,n
o,art
n´ivel,n
de,prep
falsa,adj
detecc¸ao,n
obteve,v
grande,adj
proporc¸,n
,n
ao,prep
a,n
figura,n
5,num
apresenta,v
o,art
resultado,n
da,n
,n
aplicac¸ao,n
da,nprop
t,nprop
,n
ecnica,n
de,prep
detecc¸,n
´,n
ao,prep
de,prep
borda,n
,n
figura,n
5,num
identificac¸ao,n
de,prep
formac¸,n
,n
ao,prep
de,prep
got´iculas,n
d,n
,n
agua,nprop
utilizando,v
t,n
´,n
ecnicas,n
de,prep
´,n
detecc¸ao,n
de,prep
bordas,n
,n
322,n
detecc¸ao,n
de,prep
intervalos,n
de,prep
cores,n
,n
em,n
razao,n
da,nprop
dificuldade,n
realizar,v
a,art
detecc¸,n
,n
ao,prep
de,prep
,n
agua,nprop
por,prep
meio,n
da,n
t,n
´,n
ecnica,n
de,prep
detecc¸,n
´,n
ao,prep
de,prep
,n
bordas,n
optouse,n
utilizar,v
a,art
tecnica,n
de,prep
filtragem,n
de,prep
cores,n
para,n
isso,prosub
a,prep
partir,prep
da,nprop
obtenc¸,n
´,n
ao,n
da,nprop
imagem,nprop
da,nprop
camera,n
usb,n
no,kc
formato,n
rgb,n
esta,proadj
,n
e,kc
convertida,pcp
para,prep
o,art
formato,n
hsv,n
com,prep
o,art
´,n
aux´ilio,n
da,nprop
func¸ao,n
da,nprop
biblioteca,n
opencv,n
,n
cvtcolor,n
esta,n
conversao,n
permite,v
que,ks
os,art
frames,n|est
,n
coletados,pcp
sejam,vaux
aplicados,pcp
na,adv
func¸ao,n
inrange,n
a,art
qual,pro-ks-rel
recebe,v
como,prep
parametro,n
tr,nprop
,n
es,nprop
valores,nprop
,n
1,num
frame,nprop
coletado,pcp
imagem,n
formato,n
hsv,n
e,kc
realiza,v
o,art
thresholding,n
na,nprop
imagem,nprop
2,nprop
array,nprop
com,prep
o,art
intervalo,n
baixo,adj
cores,n
menor,adj
tonalidade,n
da,n
cor,n
preta,adj
serem,vaux
filtradas,n
na,nprop
imagem,nprop
e,kc
3,num
array,nprop
contendo,v
o,art
intervalo,n
maximo,n
de,prep
cores,n
maior,adj
tonalidade,n
da,n
cor,n
´,n
preta,adj
serem,vaux
filtradas,n
na,nprop
imagem,nprop
o,n
retorno,n
desta,adv
func¸ao,n
e,kc
uma,art
imagem,n
contendo,v
a,art
´,n
identificac¸ao,n
dos,nprop
pixels,n|est
que,pro-ks-rel
cont,n
,n
a,art
cor,n
preta,adj
e,kc
tamb,n
´,n
dos,nprop
pixels,n|est
que,pro-ks-rel
n,pro-ks-rel
´,n
ao,prep
cont,n
,n
a,art
cor,n
´,n
preta,adj
este,n
metodo,n
de,prep
an,nprop
´,n
alise,n
apresentou,v
maior,adj
efic,n
´,n
acia,n
comparac¸,n
´,n
ao,prep
com,prep
o,art
m,nprop
,n
etodo,n
´,n
de,prep
detecc¸ao,n
de,prep
bordas,n
visto,pcp
que,ks
as,art
interfer,n
,n
encias,n
na,nprop
superf,n
,n
´icie,n
da,nprop
folha,nprop
da,nprop
planta,n
encontradas,pcp
primeiro,adj
metodo,n
ficaram,v
inexistentes,adj
neste,n
segundo,prep
m,n
´,n
etodo,n
em,n
consequ,n
´,n
encia,n
,n
disso,adv
foi,vaux
poss´ivel,n
identificar,v
a,art
presenc¸a,n
de,prep
agua,nprop
na,nprop
superf,n
´,n
´icie,n
do,nprop
vidro,nprop
visto,nprop
que,pro-ks-rel
no,kc
caso,ks
existencia,n
de,prep
,n
agua,nprop
o,art
vidro,n
perde,v
sua,proadj
opacidade,n
e,kc
ganha,v
com,prep
um,art
aspecto,n
trans,n
´,n
parente,n
tornando,v
vis´ivel,n
a,art
cor,n
preta,adj
que,pro-ks-rel
se,propess
encontra,v
por,prep
detras,n
do,nprop
vidro,nprop
permitindo,v
´,n
assim,adv
tornar,v
viavel,n
a,art
identificac¸,n
´,n
ao,prep
de,prep
,n
agua,nprop
sobre,prep
a,art
superf,n
´,n
´icie,n
do,nprop
vidro,nprop
jateado,n
esta,n
identificac¸ao,n
,n
e,kc
apresentada,pcp
na,adv
figura,n
6,num
´,n
figura,n
6,num
processo,n
de,prep
identificac¸ao,n
da,nprop
concentrac¸,n
,n
ao,prep
de,prep
,n
agua,nprop
no,nprop
vidro,nprop
jateado,n
´,n
alem,n
do,nprop
exposto,pcp
o,art
software,n|est
desenvolvido,pcp
realiza,v
a,art
quantificac¸,n
´,n
ao,prep
de,prep
pixels,n|est
sendo,vaux
,n
poss´ivel,n
dessa,n
forma,n
quantificar,v
os,art
pixels,n|est
que,pro-ks-rel
sao,n
formados,pcp
pela,nprop
cor,nprop
preta,nprop
e,kc
os,art
pixels,n|est
,n
formados,pcp
cores,n
diferentes,adj
preto,nprop
33,num
transmissao,n
de,prep
dados,n
,n
para,n
a,art
transmissao,n
dos,nprop
dados,nprop
coletados,pcp
foram,v
utilizados,pcp
dois,num
meios,n
de,prep
comunicac¸,n
,n
ao,prep
,n
um,art
via,n
gprs,n
telefonia,n
movel,n
e,kc
outro,prosub
uma,art
conex,n
´,n
ao,prep
ethernet,n
sendo,vaux
que,ks
,n
ambos,prosub
se,propess
mostraram,v
eficazes,adj
os,n
dados,n
foram,vaux
transmitidos,pcp
para,prep
a,art
plataforma,n
weather,n
underground,n
und,nprop
2015,n
4,num
discussoes,n
e,kc
conclus,n
,n
oes,n
,n
a,n
dos,nprop
resultados,nprop
apresentados,pcp
percebese,n
que,pro-ks-rel
a,art
identificac¸ao,n
de,prep
molhamento,n
foliar,n
,n
analise,v
de,prep
imagens,n
pode,vaux
ser,vaux
realizada,pcp
a,n
superf,n
´,n
´icie,n
do,nprop
vidro,nprop
jateado,n
para,prep
esta,proadj
situac¸ao,n
foi,vaux
utilizada,pcp
como,prep
alternativa,n
,n
a,art
folha,nprop
da,nprop
planta,n
e,kc
apresentou,v
bons,adj
resultados,n
`,`
com,n
a,art
realizac¸ao,n
dos,nprop
experimentos,n
constatouse,n
que,pro-ks-rel
fatores,n
externos,adj
como,prep
in,nprop
,n
tensidade,n
de,prep
iluminac¸ao,n
,n
angulo,n
da,nprop
c,nprop
,n
amera,n
e,kc
dist,n
,n
ancia,n
da,nprop
c,nprop
,n
amera,n
exercem,v
forte,adj
influ,n
,n
encia,n
,n
sobre,prep
o,art
funcionamento,n
do,ks
sistema,n
para,n
tanto,kc|[
notase,n
que,pro-ks-rel
e,kc
preciso,v
primeiramente,adv
do,ks
´,n
minar,v
esses,proadj
fatores,n
um,art
ambiente,n
controlado,pcp
para,prep
posterior,adj
aplicac¸ao,n
e,kc
ajustes,n
,n
ambiente,n
aberto,pcp
a,n
quantificac¸ao,n
do,nprop
molhamento,n
foliar,n
do,ks
processamento,n
de,prep
imagens,n
,n
mostrouse,n
viavel,n
e,kc
eficiente,adj
al,n
´,n
dos,nprop
resultados,nprop
obtidos,pcp
um,art
novo,adj
trabalho,n
est,n
´,n
a,art
sendo,vaux
´,n
xxxvi,n
congresso,n
da,nprop
sociedade,n
brasileira,n
de,prep
computação,n
1856,n
realizado,pcp
adaptandose,n
a,art
camara,n
para,prep
funcionar,v
com,prep
um,art
filtro,n
ndvi,n
,n
normalized,n
difference,n
vegetation,n
index,n
insa,n
2008,n
a,n
figura,n
7,num
apresenta,v
alguns,proadj
resultados,n
preliminares,adj
obtidos,pcp
utilizandose,n
o,art
metodo,n
do,nprop
ndvi,n
podese,n
observar,v
que,ks
a,art
´,n
area,n
das,nprop
folhas,n
´,n
da,nprop
planta,n
que,pro-ks-rel
possuem,v
acumulo,n
de,prep
´,n
agua,nprop
ficaram,v
destacadas,pcp
um,art
tom,n
verde,nprop
as,n
´,n
areas,n
onde,adv-ks-rel
existe,v
ac,nprop
´,n
umulo,n
de,prep
´,n
agua,nprop
mas,kc
n,n
´,n
ao,prep
est,n
,n
ao,prep
sobre,prep
a,art
superf,n
,n
´icie,n
das,nprop
folhas,n
da,n
planta,n
obtiveram,v
uma,art
colorac¸ao,n
na,nprop
tonalidade,n
azul,adj
al,n
,n
disso,adv
notase,n
que,pro-ks-rel
as,art
´,n
areas,n
das,nprop
folhas,n
´,n
da,nprop
planta,n
onde,adv-ks-rel
nao,adv
existe,v
ac,nprop
,n
umulo,n
de,prep
´,n
agua,nprop
a,art
cor,n
vermelha,adj
eou,n
amarela,adj
prevaleceu,v
´,n
este,n
metodo,n
tamb,n
´,n
apresenta,v
potencialidade,n
de,prep
utilizac¸,n
´,n
ao,prep
para,prep
a,art
identificac¸,n
,n
ao,prep
e,kc
,n
quantificac¸ao,n
do,nprop
molhamento,n
foliar,n
com,n
isso,prosub
destacase,n
como,prep
fator,n
positivo,adj
possibi,n
,n
lidade,n
da,nprop
identificac¸ao,n
da,nprop
presenc¸a,n
de,prep
,n
agua,nprop
na,nprop
superf,n
´,n
´icie,n
das,nprop
plantas,nprop
sendo,vaux
feita,pcp
diretamente,adv
ambiente,n
real,adj
sem,prep
a,art
utilizac¸ao,n
superf,n
,n
´icies,n
alternativas,n
folha,nprop
das,nprop
plantas,nprop
figura,n
7,num
imagens,n
capturadas,pcp
filtro,n
ndvi,n
com,n
o,art
desenvolvimento,n
deste,n
trabalho,n
uma,art
nova,adj
forma,n
identificar,v
e,kc
quantificar,v
o,art
molhamento,n
foliar,n
foi,vaux
determinada,pcp
os,n
resultados,n
indicam,v
que,ks
o,art
uso,n
do,ks
processamento,n
digital,adj
imagens,n
e,kc
uma,art
alternativa,n
vi,v
´,n
avel,n
aos,adv
sensores,n
de,prep
molhamento,n
foliar,n
pre,n
´,n
sentes,v
mercado,n
atualmente,adv
alem,n
disso,adv
a,art
utilizac¸,n
´,n
ao,prep
da,nprop
rede,n
sensores,n
sem,prep
fio,n
per,adj|est
,n
mite,n
extrair,v
diferentes,proadj
variaveis,n
do,nprop
ambiente,nprop
possibilitando,v
a,art
correlac¸,n
´,n
ao,prep
de,prep
informac¸,n
,n
oes,n
,n
como,prep
umidade,n
do,ks
ar,n
a,art
fins,n
validar,v
e,kc
garantir,v
maior,adj
precisao,n
para,prep
a,art
detecc¸,n
,n
ao,prep
do,prep
mo,n
,n
lhamento,n
foliar,n
referencias,n
,n
2015,n
weather,n
underground,nprop
cunha,n
a,n
l,n
b,n
n,n
d,nprop
2013,n
sistema,n
automatico,n
para,prep
obtenc¸,n
´,n
ao,prep
de,prep
par,n
,n
ametros,n
do,nprop
tr,nprop
,n
afego,n
´,n
veicular,v
a,art
imagens,n
v´ideo,n
usando,v
opencv,n
phd,n
thesis,n
universidade,n
de,prep
sao,n
paulo,n
,n
devices,n
d,n
2010,n|ap
leaf,n
wetness,n
dielectric,n
sensor,n
technical,n
report,nprop
durigon,n
a,n
and,nprop
van,nprop
lier,n
q,n
2013,n
durac¸ao,n
do,nprop
per,adj|est
,n
´iodo,n
de,prep
molhamento,n
foliar,n
medic¸ao,n
e,kc
estimativa,n
feijao,n
sob,prep
diferentes,proadj
tratamentos,n
h,n|ap
,n
´idricos,n
rev,n
bras,n
eng,n
agric,n
ambient,n
17200207,n
greenwade,n
g,n
d,n
1993,n
the,n
comprehensive,n
tex,n
archive,n
network,n
ctan,n
tugboat,n
143342351,n
1857,n
wcama,n
7º,adj
workshop,n
de,prep
computação,n
aplicada,n
à,nprop
gestão,n
do,nprop
meio,n
ambiente,n
e,kc
recursos,n
naturais,n
realizado,pcp
adaptandose,n
a,art
camara,n
para,prep
funcionar,v
com,prep
um,art
filtro,n
ndvi,n
,n
normalized,n
difference,n
vegetation,n
index,n
insa,n
2008,n
a,n
figura,n
7,num
apresenta,v
alguns,proadj
resultados,n
preliminares,adj
obtidos,pcp
utilizandose,n
o,art
metodo,n
do,nprop
ndvi,n
podese,n
observar,v
que,ks
a,art
´,n
area,n
das,nprop
folhas,n
´,n
da,nprop
planta,n
que,pro-ks-rel
possuem,v
acumulo,n
de,prep
´,n
agua,nprop
ficaram,v
destacadas,pcp
um,art
tom,n
verde,nprop
as,n
´,n
areas,n
onde,adv-ks-rel
existe,v
ac,nprop
´,n
umulo,n
de,prep
´,n
agua,nprop
mas,kc
n,n
´,n
ao,prep
est,n
,n
ao,prep
sobre,prep
a,art
superf,n
,n
´icie,n
das,nprop
folhas,n
da,n
planta,n
obtiveram,v
uma,art
colorac¸ao,n
na,nprop
tonalidade,n
azul,adj
al,n
,n
disso,adv
notase,n
que,pro-ks-rel
as,art
´,n
areas,n
das,nprop
folhas,n
´,n
da,nprop
planta,n
onde,adv-ks-rel
nao,adv
existe,v
ac,nprop
,n
umulo,n
de,prep
´,n
agua,nprop
a,art
cor,n
vermelha,adj
eou,n
amarela,adj
prevaleceu,v
´,n
este,n
metodo,n
tamb,n
´,n
apresenta,v
potencialidade,n
de,prep
utilizac¸,n
´,n
ao,prep
para,prep
a,art
identificac¸,n
,n
ao,prep
e,kc
,n
quantificac¸ao,n
do,nprop
molhamento,n
foliar,n
com,n
isso,prosub
destacase,n
como,prep
fator,n
positivo,adj
possibi,n
,n
lidade,n
da,nprop
identificac¸ao,n
da,nprop
presenc¸a,n
de,prep
,n
agua,nprop
na,nprop
superf,n
´,n
´icie,n
das,nprop
plantas,nprop
sendo,vaux
feita,pcp
diretamente,adv
ambiente,n
real,adj
sem,prep
a,art
utilizac¸ao,n
superf,n
,n
´icies,n
alternativas,n
folha,nprop
das,nprop
plantas,nprop
figura,n
7,num
imagens,n
capturadas,pcp
filtro,n
ndvi,n
com,n
o,art
desenvolvimento,n
deste,n
trabalho,n
uma,art
nova,adj
forma,n
identificar,v
e,kc
quantificar,v
o,art
molhamento,n
foliar,n
foi,vaux
determinada,pcp
os,n
resultados,n
indicam,v
que,ks
o,art
uso,n
do,ks
processamento,n
digital,adj
imagens,n
e,kc
uma,art
alternativa,n
vi,v
´,n
avel,n
aos,adv
sensores,n
de,prep
molhamento,n
foliar,n
pre,n
´,n
sentes,v
mercado,n
atualmente,adv
alem,n
disso,adv
a,art
utilizac¸,n
´,n
ao,prep
da,nprop
rede,n
sensores,n
sem,prep
fio,n
per,adj|est
,n
mite,n
extrair,v
diferentes,proadj
variaveis,n
do,nprop
ambiente,nprop
possibilitando,v
a,art
correlac¸,n
´,n
ao,prep
de,prep
informac¸,n
,n
oes,n
,n
como,prep
umidade,n
do,ks
ar,n
a,art
fins,n
validar,v
e,kc
garantir,v
maior,adj
precisao,n
para,prep
a,art
detecc¸,n
,n
ao,prep
do,prep
mo,n
,n
lhamento,n
foliar,n
referencias,n
,n
2015,n
weather,n
underground,nprop
cunha,n
a,n
l,n
b,n
n,n
d,nprop
2013,n
sistema,n
automatico,n
para,prep
obtenc¸,n
´,n
ao,prep
de,prep
par,n
,n
ametros,n
do,nprop
tr,nprop
,n
afego,n
´,n
veicular,v
a,art
imagens,n
v´ideo,n
usando,v
opencv,n
phd,n
thesis,n
universidade,n
de,prep
sao,n
paulo,n
,n
devices,n
d,n
2010,n|ap
leaf,n
wetness,n
dielectric,n
sensor,n
technical,n
report,nprop
durigon,n
a,n
and,nprop
van,nprop
lier,n
q,n
2013,n
durac¸ao,n
do,nprop
per,adj|est
,n
´iodo,n
de,prep
molhamento,n
foliar,n
medic¸ao,n
e,kc
estimativa,n
feijao,n
sob,prep
diferentes,proadj
tratamentos,n
h,n|ap
,n
´idricos,n
rev,n
bras,n
eng,n
agric,n
ambient,n
17200207,n
greenwade,n
g,n
d,n
1993,n
the,n
comprehensive,n
tex,n
archive,n
network,n
ctan,n
tugboat,n
143342351,n
inc,n
c,n
s,n
2010,n|ap
model,n
237,n
leaf,n
wetness,n
sensor,n
technical,n
report,nprop
insa,n
i,n
n,n
d,nprop
s,n
2008,n
´indice,n
de,prep
vegetac¸ao,n
diferenc¸a,n
normalizada,pcp
,n
leandro,n
l,n
gleason,n
m,n
nutter,n
jr,n
f,n
wegulo,n
s,n
and,nprop
dixon,n
p,n
2003,n
influence,n
of,nprop
temperature,n
and,nprop
wetness,n
duration,n
on,nprop
conidia,n
and,nprop
appressoria,n
of,nprop
colletotrichum,n
acutatum,n
on,nprop
symptomless,n
strawberry,n
leaves,n
phytopathology,n
934513520,n
rehman,n
a,n
abbasi,n
a,n
z,n
zubair,n
n,n
i,n
and,nprop
shaikh,n
a,n
2014,n
a,n
review,nprop
of,nprop
wireless,n
sensors,n
and,nprop
networks,n
applications,n
in,nprop
agriculture,n
computer,n
standards,n
and,nprop
interfaces,n
36263270,n
rowlandson,n
t,n
gleason,n
m,n
sentelhas,n
p,n
gillespie,n
t,n
thomas,n
c,n
and,nprop
hornbuckle,n
b,n
2015,n
reconsidering,n
leaf,n
wetness,n
duration,n
determination,n
for,v
plant,nprop
disease,n
management,nprop
plant,n
disease,n
993310319,n
rowlandson,n
t,n
l,n
2011,n
leaf,n
wetness,n
implications,n
for,v
agriculture,n
and,nprop
remote,nprop
sensing,n
sentelhas,n
p,n
c,n
2004,n
durac¸ao,n
do,nprop
per,adj|est
,n
´iodo,n
de,prep
molhamento,n
foliar,n
aspectos,n
operacionais,adj
da,nprop
sua,nprop
medida,n
variabilidade,n
espacial,adj
diferentes,adj
culturas,n
e,kc
sua,proadj
estimativa,n
do,ks
modelo,n
de,prep
penmanmonteith,n
piracicaba,n
esalqusp,n
tese,n
de,prep
livredocencia,n
,n
sentelhas,n
p,n
c,n
marta,n
a,n
d,n
orlandini,n
s,n
santos,n
e,n
a,n
gillespie,n
t,n
j,n
and,nprop
gleason,n
m,n
l,n
2008,n
suitability,n
of,nprop
relative,n
humidity,n
as,art
an,nprop
estimator,n
of,nprop
leaf,n
wetness,n
duration,n
agricultural,n
and,nprop
forest,nprop
meteorology,n
148392400,n
